name,time
assemble_matrix,2.6940000057220459
assemble_rhs,0.53299999237060547
solve_system,0.0089999996125698090
update_velocities,1.0449999570846558
update_fibers,0.0000000000000000