name,time
assemble_matrix,1.5690000057220459
assemble_rhs,0.28900000452995300
solve_system,0.0070000002160668373
update_velocities,0.80000001192092896
update_fibers,0.0000000000000000