name,time
assemble_matrix,1.4859999418258667
assemble_rhs,0.27300000190734863
solve_system,0.035000000149011612
update_velocities,0.77399998903274536
update_fibers,0.0000000000000000