X	$TOTAL	assemble_system
32	0.001995745	0.001995745
64	0.006576439999999999	0.006576439999999999
96	0.014097685	0.014097685
100	0.015288945	0.015288945
128	0.024410975	0.024410975
