X	SINGLE_AVG_TIME	MULTI_AVG_TIME
32	0.10744444529215494	0.013430555661519367
64	0.4500555528534783	0.05625694410668479
96	1.055055558681488	0.131881944835186
100	1.1527222196261087	0.14409027745326358
128	1.9642222126324973	0.24552777657906216
